{
  "target_tokens": 10000,
  "actual_tokens": 10025,
  "vocabulary_size": 894,
  "type_token_ratio": 0.08917705735660848,
  "word_bigram_h2": 3.0245962639595376,
  "word_trigram_h3": 1.298954661237694,
  "char_entropy": {
    "H1": 4.021844776054033,
    "H2": 3.28590417850943,
    "H3": 2.3375232222123685
  },
  "zipf": {
    "zipf_exponent": 1.1627715689211096,
    "r_squared": 0.9461745839949248
  },
  "top_30_words": [
    [
      "et",
      1471
    ],
    [
      "est",
      529
    ],
    [
      "in",
      481
    ],
    [
      "contra",
      457
    ],
    [
      "recipe",
      335
    ],
    [
      "valet",
      321
    ],
    [
      "gradu",
      244
    ],
    [
      "habet",
      207
    ],
    [
      "virtutem",
      199
    ],
    [
      "cum",
      149
    ],
    [
      "fac",
      140
    ],
    [
      "sicca",
      88
    ],
    [
      "secundo",
      84
    ],
    [
      "da",
      63
    ],
    [
      "calida",
      61
    ],
    [
      "tertio",
      61
    ],
    [
      "super",
      57
    ],
    [
      "siccus",
      51
    ],
    [
      "calidum",
      51
    ],
    [
      "primo",
      50
    ],
    [
      "siccum",
      49
    ],
    [
      "quarto",
      49
    ],
    [
      "frigida",
      47
    ],
    [
      "humida",
      45
    ],
    [
      "calidus",
      45
    ],
    [
      "quae",
      45
    ],
    [
      "dolorem",
      43
    ],
    [
      "dosi",
      40
    ],
    [
      "humidus",
      39
    ],
    [
      "frigidus",
      39
    ]
  ],
  "voynich_comparison": {
    "latin_word_bigram_h2": 3.0245962639595376,
    "voynich_h2": 2.385,
    "delta": 0.6395962639595378,
    "within_range": false
  },
  "validation": {
    "ttr": 0.08917705735660848,
    "ttr_ok": true,
    "n_types": 894,
    "types_ok": false,
    "n_tokens": 10025,
    "word_h2": 3.0245962639595376,
    "voynich_h2": 2.385,
    "h2_delta": 0.6395962639595378,
    "h2_delta_ok": false,
    "all_ok": false
  }
}