{
  "target_tokens": 30000,
  "actual_tokens": 30020,
  "vocabulary_size": 914,
  "type_token_ratio": 0.03044636908727515,
  "word_bigram_h2": 3.1642841648481035,
  "word_trigram_h3": 1.7056838086852277,
  "char_entropy": {
    "H1": 4.031347740092392,
    "H2": 3.291113768949505,
    "H3": 2.3319854466013163
  },
  "zipf": {
    "zipf_exponent": 1.4118701537881424,
    "r_squared": 0.8705335477024271
  },
  "top_30_words": [
    [
      "et",
      4521
    ],
    [
      "est",
      1535
    ],
    [
      "in",
      1512
    ],
    [
      "contra",
      1069
    ],
    [
      "recipe",
      907
    ],
    [
      "gradu",
      816
    ],
    [
      "valet",
      802
    ],
    [
      "habet",
      661
    ],
    [
      "virtutem",
      632
    ],
    [
      "fac",
      530
    ],
    [
      "cum",
      476
    ],
    [
      "sicca",
      268
    ],
    [
      "secundo",
      225
    ],
    [
      "tertio",
      213
    ],
    [
      "quae",
      211
    ],
    [
      "primo",
      191
    ],
    [
      "quarto",
      187
    ],
    [
      "super",
      185
    ],
    [
      "da",
      178
    ],
    [
      "calidum",
      160
    ],
    [
      "humidum",
      160
    ],
    [
      "humidus",
      160
    ],
    [
      "frigidus",
      156
    ],
    [
      "humida",
      155
    ],
    [
      "frigida",
      153
    ],
    [
      "calida",
      150
    ],
    [
      "frigidum",
      146
    ],
    [
      "calidus",
      139
    ],
    [
      "siccus",
      139
    ],
    [
      "siccum",
      137
    ]
  ],
  "voynich_comparison": {
    "latin_word_bigram_h2": 3.1642841648481035,
    "voynich_h2": 2.385,
    "delta": 0.7792841648481037,
    "within_range": false
  },
  "validation": {
    "ttr": 0.03044636908727515,
    "ttr_ok": false,
    "n_types": 914,
    "types_ok": false,
    "n_tokens": 30020,
    "word_h2": 3.1642841648481035,
    "voynich_h2": 2.385,
    "h2_delta": 0.7792841648481037,
    "h2_delta_ok": false,
    "all_ok": false
  }
}