{
  "n_groups": 20,
  "n_merge_entries": 116,
  "comparison": {
    "before": {
      "n_tokens": 8030,
      "n_types": 1001,
      "ttr": 0.12465753424657534,
      "zipf_exponent": 0.9143887138654065,
      "zipf_r_squared": 0.9783837182130303,
      "word_h2": 4.012820077032412,
      "char_h2": 2.172664650468393
    },
    "after": {
      "n_tokens": 8030,
      "n_types": 905,
      "ttr": 0.11270236612702367,
      "zipf_exponent": 0.9178148853309689,
      "zipf_r_squared": 0.9812279703905916,
      "word_h2": 4.094399842459417,
      "char_h2": 2.1281302664034745
    },
    "deltas": {
      "types_reduction": 96,
      "types_reduction_pct": 0.0959040959040959,
      "ttr_change": -0.011955168119551676,
      "zipf_change": 0.0034261714655623443,
      "word_h2_change": 0.08157976542700496,
      "char_h2_change": -0.04453438406491861
    }
  },
  "validation": {
    "zipf_improved": true,
    "zipf_toward_1": true,
    "vocab_reduced_significantly": false,
    "vocab_in_range": false,
    "hypothesis_supported": false,
    "before_zipf": 0.9143887138654065,
    "after_zipf": 0.9178148853309689,
    "before_types": 1001,
    "after_types": 905,
    "reduction_pct": 0.0959040959040959
  },
  "synthesis": {
    "hypothesis_supported": false,
    "conclusion": "Merged 1001 types \u2192 905 types (9.6% reduction). Zipf: 0.914 \u2192 0.918. Hypothesis NOT SUPPORTED."
  }
}