{
  "language_ab": {
    "language_a": {
      "profile": {
        "label": "language_a",
        "char_count": 785,
        "token_count": 187,
        "entropy": {
          "H1": 3.633755785378876,
          "H2": 1.4866474635313631,
          "H3": 1.0212261070853632
        },
        "zipf": {
          "zipf_exponent": 0.9309815773854573,
          "r_squared": 0.9513501887983211,
          "ranks": [
            1.0,
            2.0,
            3.0,
            4.0,
            5.0,
            6.0,
            7.0,
            8.0,
            9.0,
            10.0,
            11.0,
            12.0,
            13.0,
            14.0,
            15.0,
            16.0,
            17.0,
            18.0,
            19.0,
            20.0,
            21.0,
            22.0,
            23.0,
            24.0,
            25.0,
            26.0,
            27.0,
            28.0,
            29.0,
            30.0,
            31.0,
            32.0,
            33.0,
            34.0,
            35.0,
            36.0,
            37.0,
            38.0,
            39.0,
            40.0,
            41.0,
            42.0,
            43.0,
            44.0,
            45.0,
            46.0,
            47.0,
            48.0,
            49.0,
            50.0,
            51.0,
            52.0,
            53.0,
            54.0,
            55.0,
            56.0,
            57.0
          ],
          "frequencies": [
            46.0,
            24.0,
            10.0,
            8.0,
            8.0,
            6.0,
            4.0,
            4.0,
            4.0,
            4.0,
            4.0,
            3.0,
            3.0,
            3.0,
            3.0,
            2.0,
            2.0,
            2.0,
            2.0,
            2.0,
            2.0,
            2.0,
            2.0,
            2.0,
            2.0,
            2.0,
            1.0,
            1.0,
            1.0,
            1.0,
            1.0,
            1.0,
            1.0,
            1.0,
            1.0,
            1.0,
            1.0,
            1.0,
            1.0,
            1.0,
            1.0,
            1.0,
            1.0,
            1.0,
            1.0,
            1.0,
            1.0,
            1.0,
            1.0,
            1.0,
            1.0,
            1.0,
            1.0,
            1.0,
            1.0,
            1.0,
            1.0
          ],
          "top_20": [
            [
              "daiin",
              46
            ],
            [
              "shy",
              24
            ],
            [
              "shol",
              10
            ],
            [
              "shor",
              8
            ],
            [
              "ol",
              8
            ],
            [
              "chor",
              6
            ],
            [
              "or",
              4
            ],
            [
              "aiin",
              4
            ],
            [
              "dain",
              4
            ],
            [
              "oky",
              4
            ],
            [
              "dol",
              4
            ],
            [
              "chy",
              3
            ],
            [
              "sheey",
              3
            ],
            [
              "cthol",
              3
            ],
            [
              "okey",
              3
            ],
            [
              "ataiin",
              2
            ],
            [
              "y",
              2
            ],
            [
              "sholdy",
              2
            ],
            [
              "kaiin",
              2
            ],
            [
              "shey",
              2
            ]
          ],
          "vocabulary_size": 57,
          "total_tokens": 187,
          "type_token_ratio": 0.3048128342245989
        },
        "positional_entropy": {
          "pos_0": 2.4701,
          "pos_1": 2.5478,
          "pos_2": 2.6873,
          "pos_3": 2.5931,
          "pos_4": 2.0269,
          "pos_5": 2.1085,
          "pos_6": -0.0
        },
        "glyph_classes": {
          "f": "P",
          "s": "P",
          "a": "M",
          "c": "P",
          "h": "M",
          "y": "S",
          "l": "S",
          "k": "A",
          "r": "S",
          "n": "S",
          "t": "M",
          "i": "M",
          "o": "A",
          "e": "M",
          "d": "P",
          "p": "A",
          "q": "P"
        },
        "positional_distribution": {
          "f": {
            "initial": 2,
            "medial": 0,
            "final": 0,
            "singleton": 0
          },
          "s": {
            "initial": 56,
            "medial": 2,
            "final": 2,
            "singleton": 0
          },
          "a": {
            "initial": 7,
            "medial": 73,
            "final": 0,
            "singleton": 0
          },
          "c": {
            "initial": 22,
            "medial": 6,
            "final": 0,
            "singleton": 0
          },
          "h": {
            "initial": 0,
            "medial": 82,
            "final": 0,
            "singleton": 0
          },
          "y": {
            "initial": 1,
            "medial": 1,
            "final": 51,
            "singleton": 2
          },
          "l": {
            "initial": 0,
            "medial": 2,
            "final": 31,
            "singleton": 0
          },
          "k": {
            "initial": 7,
            "medial": 16,
            "final": 0,
            "singleton": 0
          },
          "r": {
            "initial": 0,
            "medial": 4,
            "final": 30,
            "singleton": 0
          },
          "n": {
            "initial": 0,
            "medial": 0,
            "final": 71,
            "singleton": 0
          },
          "t": {
            "initial": 0,
            "medial": 16,
            "final": 0,
            "singleton": 0
          },
          "i": {
            "initial": 0,
            "medial": 138,
            "final": 0,
            "singleton": 0
          },
          "o": {
            "initial": 32,
            "medial": 47,
            "final": 0,
            "singleton": 0
          },
          "e": {
            "initial": 0,
            "medial": 22,
            "final": 0,
            "singleton": 0
          },
          "d": {
            "initial": 55,
            "medial": 2,
            "final": 0,
            "singleton": 0
          },
          "p": {
            "initial": 1,
            "medial": 2,
            "final": 0,
            "singleton": 0
          },
          "q": {
            "initial": 2,
            "medial": 0,
            "final": 0,
            "singleton": 0
          }
        },
        "mean_word_length": 4.197860962566845,
        "std_word_length": 1.1647201228732211,
        "word_length_dist": {
          "6": 13,
          "4": 44,
          "2": 13,
          "5": 73,
          "1": 2,
          "3": 39,
          "7": 3
        }
      },
      "n_tokens": 187,
      "sections": [
        "herbal_a"
      ]
    },
    "language_b": {
      "profile": {
        "label": "language_b",
        "char_count": 1247,
        "token_count": 227,
        "entropy": {
          "H1": 3.4914681969656507,
          "H2": 0.7407027814561973,
          "H3": 0.5485882052276168
        },
        "zipf": {
          "zipf_exponent": 1.5830205392799217,
          "r_squared": 0.793468587196289,
          "ranks": [
            1.0,
            2.0,
            3.0,
            4.0,
            5.0,
            6.0,
            7.0,
            8.0,
            9.0,
            10.0,
            11.0,
            12.0,
            13.0
          ],