{
  "h2_by_quartile": {
    "q1_char_h2": 2.442414718193722,
    "q4_char_h2": 2.3324896156066774,
    "full_char_h2": 2.3850308850002544,
    "gradient_h2": -0.10992510258704469,
    "q1_char_h1": 3.8414902999507285,
    "q4_char_h1": 3.8134727826793138,
    "gradient_h1": -0.02801751727141477,
    "q1_tokens": 2655,
    "q4_tokens": 2655
  },
  "word_frequency_by_quartile": {
    "q1_enriched": [
      [
        "cham",
        2260.887005649718
      ],
      [
        "shod",
        1507.5913370998117
      ],
      [
        "choiin",
        1507.5913370998117
      ],
      [
        "qokchol",
        1507.5913370998117
      ],
      [
        "olaiin",
        1507.5913370998117
      ],
      [
        "otaly",
        1507.5913370998117
      ],
      [
        "om",
        1507.5913370998117
      ],
      [
        "opchy",
        1507.5913370998117
      ],
      [
        "qopchy",
        1130.9435028248588
      ],
      [
        "opchor",
        1130.9435028248588
      ]
    ],
    "q4_enriched": [
      [
        "ychor",
        0.0004423042803559424
      ],
      [
        "okain",
        0.0005307181886418312
      ],
      [
        "ykeol",
        0.0005307181886418312
      ],
      [
        "kaiin",
        0.0005307181886418312
      ],
      [
        "otcho",
        0.0006633097281679286
      ],
      [
        "sheody",
        0.0006633097281679286
      ],
      [
        "ctho",
        0.0006633097281679286
      ],
      [
        "chokey",
        0.0006633097281679286
      ],
      [
        "os",
        0.0006633097281679286
      ],
      [
        "chyky",
        0.0006633097281679286
      ]
    ],
    "q1_vocab_size": 1417,
    "q4_vocab_size": 1241
  },
  "significance_test": {
    "observed_gradient": -0.10992510258704469,
    "null_mean": -0.00047088489531508235,
    "null_std": 0.018032452924428642,
    "p_value": 0.0,
    "significant": true,
    "n_bootstrap": 100,
    "interpretation": "Gradient=-0.1099, p=0.000. Significant \u2014 page position affects entropy."
  },
  "positional_words": {
    "header_candidates": [
      {
        "word": "pchor",
        "first_count": 3,
        "total_count": 5,
        "enrichment": 56.79473684210526
      },
      {
        "word": "kooiin",
        "first_count": 2,
        "total_count": 2,
        "enrichment": 94.65789473684211
      },
      {
        "word": "cho",
        "first_count": 2,
        "total_count": 41,
        "enrichment": 4.617458279845956
      },
      {
        "word": "fachys",
        "first_count": 1,
        "total_count": 1,
        "enrichment": 94.65789473684211
      },
      {
        "word": "kchsy",
        "first_count": 1,
        "total_count": 1,
        "enrichment": 94.65789473684211
      },
      {
        "word": "kydainy",
        "first_count": 1,
        "total_count": 1,
        "enrichment": 94.65789473684211
      },
      {
        "word": "tsheos",
        "first_count": 1,
        "total_count": 1,
        "enrichment": 94.65789473684211
      },
      {
        "word": "koaiin",
        "first_count": 1,
        "total_count": 1,
        "enrichment": 94.65789473684211
      },
      {
        "word": "kodalchy",
        "first_count": 1,
        "total_count": 1,
        "enrichment": 94.65789473684211
      },
      {
        "word": "pchooiin",
        "first_count": 1,
        "total_count": 1,
        "enrichment": 94.65789473684211
      }
    ],
    "footer_candidates": [
      {
        "word": "daiin",
        "last_count": 11,
        "total_count": 468,
        "enrichment": 2.224865047233468
      },
      {
        "word": "chor",
        "last_count": 3,
        "total_count": 164,
        "enrichment": 1.7315468549422335
      },
      {
        "word": "chory",
        "last_count": 2,
        "total_count": 12,
        "enrichment": 15.776315789473683
      },
      {
        "word": "dchaiin",
        "last_count": 1,
        "total_count": 4,
        "enrichment": 23.664473684210527
      },
      {
        "word": "chodar",
        "last_count": 1,
        "total_count": 7,
        "enrichment": 13.522556390977444
      },
      {
        "word": "on",
        "last_count": 1,
        "total_count": 1,
        "enrichment": 94.65789473684211
      },
      {
        "word": "dolody",
        "last_count": 1,
        "total_count": 1,
        "enrichment": 94.65789473684211
      },
      {
        "word": "am",
        "last_count": 1,
        "total_count": 8,
        "enrichment": 11.832236842105264
      },
      {
        "word": "ykeam",
        "last_count": 1,
        "total_count": 1,
        "enrichment": 94.65789473684211
      },
      {
        "word": "cthey",
        "last_count": 1,
        "total_count": 35,
        "enrichment": 2.704511278195489
      }
    ],
    "n_folios": 114
  },
  "synthesis": {
    "gradient_detected": true,
    "header_words_detected": true,
    "supports_codebook_structure": true,
    "conclusion": "Entropy gradient: significant (p=0.000). Header words: detected. Page structure supports header/body vocabulary split."
  }
}