{
  "source": "ivtff",
  "total_tokens": 10791,
  "vocabulary_size": 3762,
  "type_token_ratio": 0.3486238532110092,
  "n_folios": 114,
  "entropy": {
    "H1": 3.832097248090144,
    "H2": 2.3850308850002544,
    "H3": 2.1251607892363964
  },
  "word_entropy": {
    "H2_word": 3.0514429968891594,
    "H3_word": 0.18222996896305332
  },
  "zipf": {
    "zipf_exponent": 0.7432484437096333,
    "r_squared": 0.8893280641157802
  },
  "top_20_words": [
    [
      "daiin",
      468
    ],
    [
      "chol",
      241
    ],
    [
      "chor",
      164
    ],
    [
      "s",
      131
    ],
    [
      "shol",
      109
    ],
    [
      "dain",
      91
    ],
    [
      "cthy",
      91
    ],
    [
      "chy",
      91
    ],
    [
      "sho",
      88
    ],
    [
      "dar",
      86
    ],
    [
      "or",
      83
    ],
    [
      "dy",
      79
    ],
    [
      "chey",
      75
    ],
    [
      "ol",
      70
    ],
    [
      "dal",
      67
    ],
    [
      "shor",
      62
    ],
    [
      "cheol",
      59
    ],
    [
      "shey",
      53
    ],
    [
      "dol",
      52
    ],
    [
      "aiin",
      52
    ]
  ],
  "vocabulary_split": {
    "frequent_types": 1001,
    "singleton_types": 2761,
    "frequent_tokens": 8030,
    "singleton_tokens": 2761
  },
  "validation": {
    "source": "ivtff",
    "measured": {
      "H2_char": 2.3850308850002544,
      "vocabulary_size": 3762,
      "total_tokens": 10791,
      "type_token_ratio": 0.3486238532110092,
      "zipf_exponent": 0.7432484437096333,
      "mean_word_length": 5.167176350662589,
      "H2_word": 3.0514429968891594
    },
    "phase3_targets": {
      "H1": 3.634,
      "H2": 1.487,
      "H3": 1.021,
      "zipf_exponent": 0.931,
      "type_token_ratio": 0.305,
      "vocabulary_size": 57,
      "total_tokens": 187,
      "mean_word_length": 4.43
    },
    "deltas": {
      "H2_char": 0.8980308850002543,
      "vocabulary_size": 3705,
      "type_token_ratio": 0.0436238532110092,
      "zipf_exponent": -0.18775155629036677
    },
    "full_corpus_confirms_sample": false
  }
}