{
  "method": "auto",
  "total_tokens": 1604,
  "vocabulary_size": 238,
  "type_token_ratio": 0.1483790523690773,
  "word_bigram_h2": 2.1973739976570457,
  "word_trigram_h3": 0.9096505073024055,
  "char_entropy": {
    "H1": 4.002847524577133,
    "H2": 3.074629902434684,
    "H3": 1.7735395636475522
  },
  "zipf": {
    "zipf_exponent": 1.113042282789333,
    "r_squared": 0.9696687265221255
  },
  "top_20_words": [
    [
      "et",
      291
    ],
    [
      "contra",
      100
    ],
    [
      "est",
      77
    ],
    [
      "in",
      66
    ],
    [
      "gradu",
      50
    ],
    [
      "virtutem",
      50
    ],
    [
      "valet",
      50
    ],
    [
      "habet",
      49
    ],
    [
      "recipe",
      45
    ],
    [
      "cum",
      32
    ],
    [
      "sicca",
      24
    ],
    [
      "dolorem",
      24
    ],
    [
      "calida",
      22
    ],
    [
      "tertio",
      18
    ],
    [
      "secundo",
      16
    ],
    [
      "probatum",
      15
    ],
    [
      "frigida",
      15
    ],
    [
      "primo",
      14
    ],
    [
      "da",
      13
    ],
    [
      "humida",
      13
    ]
  ],
  "codebook_h2_test": {
    "latin_word_bigram_h2": 2.1973739976570457,
    "voynich_lang_a_h2": 1.487,
    "delta": 0.7103739976570456,
    "within_range": false,
    "range": [
      1.29,
      1.69
    ]
  }
}