{
  "languages_tested": [
    "latin",
    "italian",
    "german",
    "hebrew",
    "arabic",
    "spanish",
    "catalan",
    "czech"
  ],
  "n_languages": 8,
  "language_results": {
    "latin": {
      "H2_word": 2.1973739976570457,
      "TTR": 0.1483790523690773,
      "zipf_exponent": 1.113042282789333,
      "distance": 0.6627874918410638,
      "h2_within_tolerance": true
    },
    "italian": {
      "H2_word": 2.851777193373243,
      "TTR": 0.14,
      "zipf_exponent": 0.357963560768045,
      "distance": 1.0078348571958495,
      "h2_within_tolerance": false
    },
    "german": {
      "H2_word": 2.8654475417112995,
      "TTR": 0.138,
      "zipf_exponent": 0.3633273368950753,
      "distance": 1.023535147542492,
      "h2_within_tolerance": false
    },
    "hebrew": {
      "H2_word": 3.106616812342467,
      "TTR": 0.108,
      "zipf_exponent": 0.3095722015750657,
      "distance": 1.4230455634659251,
      "h2_within_tolerance": false
    },
    "arabic": {
      "H2_word": 3.106616812342467,
      "TTR": 0.108,
      "zipf_exponent": 0.3095722015750657,
      "distance": 1.4230455634659251,
      "h2_within_tolerance": false
    },
    "spanish": {
      "H2_word": 3.106616812342467,
      "TTR": 0.108,
      "zipf_exponent": 0.3095722015750657,
      "distance": 1.4230455634659251,
      "h2_within_tolerance": false
    },
    "catalan": {
      "H2_word": 3.106616812342467,
      "TTR": 0.108,
      "zipf_exponent": 0.3095722015750657,
      "distance": 1.4230455634659251,
      "h2_within_tolerance": false
    },
    "czech": {
      "H2_word": 3.106616812342467,
      "TTR": 0.108,
      "zipf_exponent": 0.3095722015750657,
      "distance": 1.4230455634659251,
      "h2_within_tolerance": false
    }
  },
  "synthesis": {
    "best_source_language": "latin",
    "best_distance": 0.6627874918410638,
    "h2_within_tolerance": true,
    "ranking": [
      [
        "latin",
        0.6627874918410638
      ],
      [
        "italian",
        1.0078348571958495
      ],
      [
        "german",
        1.023535147542492
      ],
      [
        "hebrew",
        1.4230455634659251
      ],
      [
        "arabic",
        1.4230455634659251
      ]
    ],
    "conclusion": "Best source language: latin (distance=0.663). H2 within tolerance: True. Top 3: latin, italian, german."
  }
}